{
  "second_person_plural": {
    "precision": 1.0,
    "recall": 0.9047619047619048,
    "f1-score": 0.9500000000000001,
    "support": 21
  },
  "beverage": {
    "precision": 1.0,
    "recall": 1.0,
    "f1-score": 1.0,
    "support": 4
  },
  "bug": {
    "precision": 1.0,
    "recall": 1.0,
    "f1-score": 1.0,
    "support": 17
  },
  "micro avg": {
    "precision": 1.0,
    "recall": 0.9523809523809523,
    "f1-score": 0.975609756097561,
    "support": 42
  },
  "macro avg": {
    "precision": 1.0,
    "recall": 0.9682539682539683,
    "f1-score": 0.9833333333333334,
    "support": 42
  },
  "weighted avg": {
    "precision": 1.0,
    "recall": 0.9523809523809523,
    "f1-score": 0.9750000000000001,
    "support": 42
  }
}